tweet_id	publish_date	content	trump_mention
914342060437753857	10/1/2017 4:11	'@thehill Why won't she apologize to us for lying?'	F
917872218067161090	10/10/2017 21:59	"Hi @MichelleObama, remember when you said Weinstein is a ""wonderful human being, a good friend and just a powerhouse.""  Do you disavow? https://t.co/pxNaJhhhRc"	F
917873988952645632	10/10/2017 22:06	"Hi @MichelleObama, remember when you praised Harvey Weinstein as 'a wonderful human being, a good friend and a powerhouse.""  Do you disavow? https://t.co/sRc1TK78AW"	F
917876811954098176	10/10/2017 22:17	"Wow! Even CNN is slamming the Obamas for silence on Weinstein: ""Where is Michelle Obama? Where is President Obama?"" https://t.co/UxIhO8GDOJ"	F
918268125115834368	10/12/2017 0:12	Do you agree with the Boy Scouts for allowing girls to join?	F
918574971395477504	10/12/2017 20:31	"So wait, did the Russians also purchase Hillary Clinton? ""Pokemon Go to the polls""! https://t.co/2I1ayPLMBu"	F
918591624711692288	10/12/2017 21:38	Eminem is a Trump supporter?!  üòÆ https://t.co/JnCUJ7sqnU	T
918637394051715072	10/13/2017 0:39	Is this real? https://t.co/QUTSZc3quW	F
918976499360903168	10/13/2017 23:07	Dear CNN: When will you be interviewing one of the mayors in Puerto Rico's other 77 municipios? https://t.co/MKNFP3IHZe	F
918675136785641472	10/13/2017 3:09	Wait.. where were all these women when Bill Clinton raped Juanita Broderick? Oh yea they were making fun of her.  #WomenBoycottTwitter	F
914963981588209664	10/2/2017 21:23	"Here is video of woman approaching the man saying ""Hi Steve!"" Could this be Stephen Paddock? #LasVegasShooting https://t.co/NEAUohASF1"	F
914997139440373760	10/2/2017 23:34	Will players ‚Äútake a knee‚Äù tonight to protest the lives saved by Las Vegas police officers? Will ESPN spit on first responders yet again?	F
915753349554823168	10/5/2017 1:39	50+ dead and 500+ injured in Las Vegas. Where's the Facebook photo filter to support victims of this tragedy?	F
916059844217573379	10/5/2017 21:57	"Ivana Trump: ""He still asks me for advice, he asks ‚ÄúShould I tweet? Should I not?‚Äù I say ‚ÄúI think you should tweet.‚Äù https://t.co/bmNSMb3ZA9"	T
916060021204676611	10/5/2017 21:58	"Ivana Trump: ""He still asks me for advice, he asks ‚ÄúShould I tweet? Should I not?‚Äù I say ‚ÄúI think you should tweet.‚Äù https://t.co/FHIsfunZCT"	T
916104453002088448	10/6/2017 0:54	"Trump after military meeting ""It's the calm before the storm.""    Reporter: ""What storm Mr. President?""  Trump: ""You'll find out."" https://t.co/Ycg1MapOhV"	T
917130439365726209	10/8/2017 20:51	"How many of those raging over Mike Pence exercising his 1st Amendment are the same ones who cried ""muh 1st Amendment"" for the past 2 weeks?"	F
908422045700063232	9/14/2017 20:07	"Irma survivor to President Trump: ""Where was Obama during the last hurricane? He was playing golf! I made the best vote voting for you!"" https://t.co/gRQFnugFpH"	T
908490181925359616	9/15/2017 0:38	I don't get it, if antifa protesters are so peaceful why send riot police??  #BenAtBerkeley  https://t.co/MRs9D4fUyu	F
909923029660131328	9/18/2017 23:32	Remember how Media was busy for months mocking President Trump when he claimed he was wiretapped?  #Manafort https://t.co/tSIzudfk2h	T
909924891733962752	9/18/2017 23:39	CNN confirmed that Trump was right. Paul Manafort was wiretapped, orders came from the top. Guess who lived at Trump Tower? Paul Manafort. https://t.co/aoQIgq4tCT	T
909936016127139840	9/19/2017 0:23	Hi @brianstelter, remember when you said Trump's wiretap claim is a conspiracy theory?  Brian, we are waiting for your apology.  #Manafort https://t.co/LQ9qN2UEwb	T
910251972770582528	9/19/2017 21:19	Zero tweets, following 19, followed by 88 and verified??? Well now we know how it works.. https://t.co/053NkaZzR9	F
910342423498383360	9/20/2017 3:18	Hi @brianstelter, remember when you said Trump's wiretap claim is a conspiracy theory?  Brian, we are waiting for your apology.  #Manafort https://t.co/LQ9qN2UEwb	T
910682129163591686	9/21/2017 1:48	Remember when Hillary was upset with Trump for being too nice to NKorea? Now she‚Äôs upset because he isn‚Äôt being nice enough. F L I P F L O P https://t.co/ZoQqE9U2mm	T
913834489146744832	9/29/2017 18:34	Watch Michele Obama reading Dr. Seuss' Cat in the Hat to a bunch of white supremacists in Johannesburg! Outrageous, right? üòÇ https://t.co/neiZgPsqrH	F
913856725907836928	9/29/2017 20:03	So, which is it? https://t.co/WlNS8O5XcF	F
913615143535300608	9/29/2017 4:03	"Posing with someone's head is enough to be one of the ""influencers."" Did ISIS accounts receive such privelege? https://t.co/RCYZVEIZPj"	F
913941005593915392	9/30/2017 1:38	"Wait. But when I didn't vote for you I was ""battling internal misogyny?"" I'm confused. https://t.co/BbgfyZR6LE"	F
905881376993443840	9/7/2017 19:52	We're baaaaack. What did we miss?  #FreeTennessee	F
906224161344892930	9/8/2017 18:34	üëëüíûGood Morning Friends &amp; Fellow Trumpers.Know Your Busy,But Could You Please Take Time To Follow This Solid &amp; Great Patriot Please?Thanksüëëüá∫üá∏ https://t.co/UB2jeTXKVZ	F
602818676920692736	5/25/2015 12:49	what happiness is? Free Wi-Fi!	F
602819563839946752	5/25/2015 12:52	Why did we give a monopoly of creating money out of thin air to a private [Federal Reserve] corporation? ‚Äì Franklin Saunders	F
646610602182316034	9/23/2015 9:02	Why is someone even against the #petition? I'll watch you bleeding when some thug shoots your ass off #NoGunsForCriminals	F
839153674974703616	3/7/2017 16:40	mmm... Is love for Trump over? https://t.co/Xiawe5ML2i	T
776160273413632000	9/14/2016 20:46	".@POTUS on Trump: ""Can you imagine Ronald Reagan idolizing someone like Putin?"" https://t.co/bO8fbsonPV"	T
776758880760127488	9/16/2016 12:25	Forget Obama, are we sure Trump wasn't born in Moscow? Haven't you seen The Americans?!	T
777176184262189056	9/17/2016 16:03	Have you noticed I live in New York now? Stop spitting on the graves of Putin's victims with your dictator worship. https://t.co/SlLEfDZ1E3	F
777372463101509632	9/18/2016 5:03	When was the last time US killed at least 20 #ISIS militants with a strike? Why attack on Syrian army was 5-10x more effective than on ISIS?	F
676500621457920000	12/14/2015 20:34	The Holidays are in full swing.  Need gift ideas? Check out my Holiday Gift guide!  https://t.co/0OaAXk66f9	F
676500778861760512	12/14/2015 20:35	Who‚Äôs ready for tWitch & Allison's Dance Challenge? If you know a super talented kid dancer, send in a video! https://t.co/GKTuAGnm3i	F
676876338096029696	12/15/2015 21:27	Who wears the pants in #WillSmith‚Äôs family?! https://t.co/cA7dTVp62k https://t.co/ZEfCQ52xge	F
676932675349934080	12/16/2015 1:11	Whatever happened to #Bush? Where‚Äôs he hiding? #GOPDebate #VegasGOPDebate	F
676932580558639105	12/16/2015 1:11	'@SenTedCruz Why do GOP candidates whine to avoid answering questions?  #VegasGOPDebate'	F
676935189214441472	12/16/2015 1:21	#CNNDebate Do we really need another #GOPDebate? Every new is worse than the previous one #VegasGOPDebate	F
676936636513583104	12/16/2015 1:27	Is there a drinking game for the #GOPDebate? #VegasGOPDebate	F
676936578133041154	12/16/2015 1:27	'@JohnKasich What are your thoughts on Drake and Meek Mill? #VegasGOPDebate'	F
676937501853007872	12/16/2015 1:30	#CNNDebate #VegasGOPDebate Today we‚Äôll hear a lot of empty promises.  Are you ready? #GOPDebate	F
676937748952018944	12/16/2015 1:31	Will corrupted politicians talk about corruption? #GOPDebate #VegasGOPDebate	F
676944668073029632	12/16/2015 1:59	'@CarlyFiorina What is your favorite color... colored person? #VegasGOPDebate'	F
712346102855442432	3/22/2016 18:32	#IslamKills Why isn't Europe keeping its promise to resettle #refugees?	F
712346550937083904	3/22/2016 18:33	#Brussels Obama wants to help refugees? Why doesn‚Äôt he want to help fellow Americans first? #IslamKills	F
685978597543297024	1/10/2016 0:16	'@big_gun_in_utah so? If you pay more taxes you have more rights? This how it works?'	F
685980895535300609	1/10/2016 0:26	'@big_gun_in_utah some of you?'	F
686598956478906369	1/11/2016 17:22	What the f*ck?  https://t.co/qGN0MDODdV #policebrutality #policestate https://t.co/gnID7rIgqq	F
687363228406538240	1/13/2016 19:58	Obama delivers his final State of the Union address but said nothing about #BLM Why? @ShaunKing https://t.co/UqUl6TXVI7	F
687374582207111168	1/13/2016 20:44	Did they count slavery as incarceration? #policestate #policebrutality #incarceration https://t.co/1WDypm19J9	F
687396734696177664	1/13/2016 22:12	White America Does The Crime, Black America Gets The Time. WTF? #BlackLivesMatter #racism https://t.co/cBF7s5lczs	F
687403236056248320	1/13/2016 22:37	what? #blaclivesmatter #blacktivist #blactwitter https://t.co/FbxHtOvOjV	F
687411261768871937	1/13/2016 23:09	'@Plantflowes what kind of information do you need?'	F
688032668500361218	1/15/2016 16:19	Seriously? wants Arizona to ban shooting cops without their permission  https://t.co/cLdFxz5JAj #PoliceState #acab https://t.co/qazkKwkshP	F
688806755803906048	1/17/2016 19:35	What? Cop: Buy these tickets or I take your car Ain't that illegal AF?  https://t.co/5EF7W4XFsp #acab #policestate https://t.co/cLIhUmDHxU	F
688923729468985344	1/18/2016 3:19	'@FoxNews @HillaryClinton proud to be traitor?'	F
689515696477208576	1/19/2016 18:32	What? Mysterious malfunction?  https://t.co/802WnLvqwN https://t.co/DSZsLqpAD6	F
683363054621454336	1/2/2016 19:03	Johannes Mehserle, the cop who murdered #OscarGrant, did 1 year in jail and is currently still a COP!  Justice? No https://t.co/5QDTtHr6Tn	F
690619479114567680	1/22/2016 19:38	What? Cops who killed Michael Marshall won't be prosecuted  https://t.co/Z9tj6QzEnt #BlackLivesMatter  #Policestate https://t.co/geJhpdt0FW	F
690672826366320641	1/22/2016 23:10	Walsh and March are off the streets cuz their reports contradict what is seen on video. Oh really? #LaquanMcDonald https://t.co/Q6gWHLr4ZF	F
690953905987977216	1/23/2016 17:47	#Justice? NO Kwame Kilpatrick vs Rick Snyder #FlintWaterCrisis  #BlackTwitter https://t.co/PsJzufNmGr	F
691015063587586048	1/23/2016 21:50	America's prosecutors: 95% white and 79% male  Equality? Justice? Diversity? NO NO and NO #BlackLivesMatter https://t.co/QAaeHbvS5G	F
690741510417985536	1/23/2016 3:43	How about being Black woman in Hollywood?  https://t.co/sTsZ7HiI6k #OscarsSoWhite #OscarsBoycott #equality https://t.co/9tQPWHxj0l	F
691310519915917312	1/24/2016 17:24	A boy gets kicked outta school for saying 'ISIS' but this is perfectly acceptable?  https://t.co/SI1nWTxkLv #racism https://t.co/cDp9fZs8ie	F
691344240396271617	1/24/2016 19:38	Voting? Nah Cleveland grand jury never voted to indict the cop who shot #TamirRice  https://t.co/xTs0YEt3qY #BLM https://t.co/BFo0Bv6PwF	F
691358572286861312	1/24/2016 20:35	Tennessee cops profiting off drug trade?  https://t.co/M7UdoH2OUM #Policestate #acab https://t.co/Du2YKF6vFy	F
691370112436326401	1/24/2016 21:20	'@ShaunKing @MichaelsStores cant say N word? Write it'	F
691405883696238593	1/24/2016 23:43	The fuck? Cops be like: lets hire some murderers.  https://t.co/W4g1pRpUFF #PoliceState https://t.co/D1C7MLSdVV	F
691765056959164416	1/25/2016 23:30	Tf? Man tried to save his dogs from burning house. Got beaten and arrested by #cops!  https://t.co/RIgDI3VlvG #ACAB https://t.co/8wN7WL12bX	F
691773823402713088	1/26/2016 0:05	.@_KrisJStewart on #OscarsSoWhite: 'Instead of complaining, do Something' Ok. Like dis? #Oscar2016 https://t.co/lLeSRgBkPh	F
692046358123909121	1/26/2016 18:08	Anyone else wondering about this? Help spreading this #DonateWater2Flint #FlintWaterCrisis  #BlackLivesMatter https://t.co/QG2zfIuLCR	F
692109770631720960	1/26/2016 22:20	They blind?? NYPD #cops zapped wrong man. Victim will file $5M lawsuit  https://t.co/7L4jEsLjrU  #Policebrutality https://t.co/2DFUmtcVfR	F
692115563120754689	1/26/2016 22:43	TF? Man ACCIDENTALLY thrown in the steaming shower? Dat's BS  https://t.co/z1heKZq1y5 https://t.co/diT5oarO4T	F
691823392173854721	1/26/2016 3:22	Sick! What next? Braiding salon hiring only white women #Black   https://t.co/jir5Rc5e4N https://t.co/ZsSXJn3Phb	F
693212786130694144	1/29/2016 23:23	Do conservatives give a fuck about #policebrutality?  https://t.co/oJFdyaT36E #BlackLivesMatter https://t.co/8fMNEgNqDR	F
692894371692171264	1/29/2016 2:17	'@deray Carson forgot to take his pills?'	F
683727662729281538	1/3/2016 19:12	'@markaddisonjr @deray Is a kid at pool more dangerous than 150 armed thugs in federal building? #OregonUnderAttack https://t.co/ZS02gaz5Ds'	F
683727939586920448	1/3/2016 19:13	'@markaddisonjr @deray is a 12 yo black kid with a toy gun more dangerous than 150 armed bigots?'	F
683729916928593920	1/3/2016 19:21	Is this accurate? #OregonUnderAttack  #BlackLivesMatter  #equality https://t.co/L52QCgrF3Q	F
683764512734986241	1/3/2016 21:38	Anyone? #OregonUnderAttack  #BlackLivesMatter  #TamirRice  #JusticeForTamir  @deray @LeftSentThis https://t.co/am3PHNG95e	F
683764890163609602	1/3/2016 21:40	'@deray yeah right. What about their guns? They seem less threatening than Tamir's?'	F
683775878128627714	1/3/2016 22:24	'@Billysmithjr33 should i remind you it was open carry state?'	F
693508117926117378	1/30/2016 18:56	Can anyone explain this shit? #Black https://t.co/1cucOFqHxF	F
693533909049556992	1/30/2016 20:39	WTF???? @Migov currently has a $575M budget SURPLUS  https://t.co/8gpWUSOeui #FlintWaterCrisis https://t.co/Jx3E0UX1K0	F
684809922442166272	1/6/2016 18:53	Only 5 years? U fuckin kidding? Cop Gave Under Age Girl Ambien to Drug Her, Then Raped Her  https://t.co/e79QE8rIXz https://t.co/O8ev0LvgYj	F
684546447904133121	1/6/2016 1:26	1,200 people killed by police in 2015. 0 cops in jail today 0 convictions Justice? Definitely NO #BlackLivesMatter https://t.co/oqV9W0dNeR	F
685919240705081344	1/9/2016 20:21	How to get a paid vacation as a cop 1 Break the law 2 Get vacation  Da phuck? https://t.co/aIPpbs3nyj	F
653294062674448384	10/11/2015 19:40	ATTENTION! remember this motherfucker? you can help get this DANGEROUS #Cop off the streets   http://t.co/XFW9FEln5u http://t.co/Y6Rzjvb6xD	F
653309560321499136	10/11/2015 20:41	"""Are they for real?"" #PoliceBrutality #PoliceAbuse #CopBlock #JusticeOrElse http://t.co/IjA6qsp7tE http://t.co/XIbGa72OeR"	F
653312772260794368	10/11/2015 20:54	So now they say #TamirRice shooting was reasonable! seriously? 12 y/o boy with a pellet gun... smell it? I DO http://t.co/ChewO2lFNv	F
653354689501659136	10/11/2015 23:41	#Police Withhold videos despite vows of transparency  So there is a fair question if #bodycameras are really working? http://t.co/FG5tyYn2Mu	F
653553997828112385	10/12/2015 12:53	WHY THE HELL THEY WERE NOT PUNISHED? are u fucking serious???  #BlackLivesMatter #BlackTwitter #blackpeopletwitter http://t.co/IbiUC6pIXX	F
653563431677616128	10/12/2015 13:30	'@marclamonthill @carolsonlyboy yes bro  should we speak 'bout justice or else?'	F
653862963003002880	10/13/2015 9:20	who can relate to this? ÔøΩÔøΩÔøΩÔøΩ #morning #happyday #BlackTwitter #Blackpeoplebelike http://t.co/T3zAItmYH2	F
654360174539374593	10/14/2015 18:16	Why isn't this all over twitter? #MaryHawkes  #Boost #PoliceLies  #PoliceBrutality #StayWoke  http://t.co/xU4AKYBXld http://t.co/J0W7JsNmio	F
654440422203219968	10/14/2015 23:35	Where do all those 'fired' #cops go? #Colorado Police welcomes them with open arms  http://t.co/okf7ftapB4 http://t.co/XUhvBif9WD	F
786934425590329344	10/14/2016 14:19	"So... my cousin is trying to teach his cat to use the toilet ""to save on kitty litter""  My dude, WTF is this shit?!?  I gotta get my own apt https://t.co/15YqRf53BB"	F
654748657393098752	10/15/2015 20:00	IS THIS FOR REAL? #PoliceBrutality #PoliceIncompetence #DontCall911 #ACAB #FuckThePolice http://t.co/5sbD2bFgas	F
654754934441668608	10/15/2015 20:25	This shit is NOT OK, Officer! Tackling 14 y/o non-violent #GyasiHughes w/ a chokehold? Bad move, Officer! http://t.co/jKvLd6389h	F
654768867072307200	10/15/2015 21:20	State makes it legal to #ShootCops in self-defense if they violate your rights.  is That the solution? watcha think? http://t.co/CJEhEEWAzg	F
654989178355093505	10/16/2015 11:56	ALL #cops are scum bags and get exactly what they deserve! everyone HATES cops EVERYONE‚Ä¶ ever wonder why?#acab #blm http://t.co/lKjqbvmdum	F
655040161122652160	10/16/2015 15:18	So Jesus just gonna leave His slides?  #BlackTwitter http://t.co/e6Nw7HNE48	F
655041602025447424	10/16/2015 15:24	'@christwords199 ya think his feet have to be dirty than? LMAO'	F
655045007762583554	10/16/2015 15:37	'@menchithekid or you think I'ma rasist bae???'	F
655335877963444226	10/17/2015 10:53	why the police still exists in America if It carries more damage than all criminals gather together? https://t.co/0h1i2YnK8P	F
655424415232978944	10/17/2015 16:45	Why Did A #Cop Shoot Robert Chambers In The Head? Disarm the Police! #PoliceBrutality #blackpeopletwitter #BLM #acab http://t.co/ZRYxkehuB3	F
655295244829757444	10/17/2015 8:12	'@4mysquad Strangely Hispanics r counted twice. Included n White census & a Hispanic category. Y count 1 group twice? Atlanta is still Black.'	F
655318024027672576	10/17/2015 9:42	Want to see if a police officer has a history of misconduct?These states make it hard #PoliceBrutality #BlackTwitter http://t.co/O252j6gYYn	F
655320269431533568	10/17/2015 9:51	How many people have been killed by police officers in America? #BlackLivesMatter #BlackTwitter #BlackPeople #acab http://t.co/6zJJg2NTQW	F
655873182600069120	10/18/2015 22:28	'@BlazinBrownSkin @deray @yungthugrat @ShaunKing may be its just a guy in Halloween costume?'	F
655880979890855936	10/18/2015 22:59	'@HighOffLyfe__ @shezumi @luvgoodspliff thats what you said to your parents?'	F
655883171280498688	10/18/2015 23:08	'@deray Doubts? DOUBTS? he is a MAD MAN. I have a permanent confidence that this man is EVIL'	F
656172016416919552	10/19/2015 18:16	Why dafuq he smiling? sick bastard #BlackLivesMatter #BLM #ACAB #FTP #JusticeOrElse https://t.co/ebWi6AEQuS	F
655912543655882753	10/19/2015 1:05	'- That phrase on the side of your vehicle, sir?  - Oh, Just a PR slogan. http://t.co/vkwceohVTW'	F
655913549911343104	10/19/2015 1:09	'@shezumi 50 shades of gay huh?'	F
655914684457967616	10/19/2015 1:13	'@deray swim good?'	F
655917963829116928	10/19/2015 1:26	Think ‚Ññpolice can‚Äôt use illegally bbtained #Evidence against u? Think again. https://t.co/NOc0eiWIBI http://t.co/ytWY8fT0fE	F
656269872259661828	10/20/2015 0:45	I give a fuck about MY LIFE do you? https://t.co/zLgWJnHvBC	F
656271026192445440	10/20/2015 0:49	'@dxnitrv whats wrong about it?'	F
656273378215497729	10/20/2015 0:59	Will there ever be any #Justice 4 #POC in this country?!  I'm losing faith...  https://t.co/pkTz0jOJzY https://t.co/upUxm0agQz	F
656478249673854977	10/20/2015 14:33	'@OGJudy_ common sense is great but each of your fam w/common sense is boring no?'	F
656279323003908096	10/20/2015 1:22	Chicago Mayor blames viral #PoliceBrutality videos for rising murder numbers ...wait what? https://t.co/nV1AV3uq2C https://t.co/yOU8ov8MjC	F
656789610236768256	10/21/2015 11:10	'@4mysquad Cop shot 7 year old #Aiyana n the head as she slept he also killed the dog. No jail. Did he harm ppl 2? Was Animal cruelty called?'	F
656796440669229057	10/21/2015 11:37	Is that guy carrying a gun? #BlackLivesMatter #BlackTwitter #BlackPower #BlackPeopleTwitter https://t.co/2T7WpnKckl	F
656816472543531008	10/21/2015 12:57	'@ShaunKing lemme know how can we call him officer? It's total shame. Who to call when police murders'	F
656886049738657792	10/21/2015 17:33	Is Cleveland In a State of Ignorance? #BlackLivesMatter #TamirRice #BlackTwitter #blackpeopletwitter https://t.co/NcxQHSPJVV	F
656889578960261120	10/21/2015 17:47	Do you prefer miracle whip ? https://t.co/izorxs89ye	F
789834367422128128	10/22/2016 14:22	The fuck wrong with them? https://t.co/tCsCXNLo5M	F
790917361582936068	10/25/2016 14:06	Students from Steinert High School ÔøΩ this how y'all act? Someone find some  @'s https://t.co/9d4THYybBL	F
791604631914831872	10/27/2016 11:37	Then: Me: I want McDonald's  Mom: Do you have McDonald's money?  Now: Mom: I want grandkids  Me: Do you have grandkids money??	F
791606692941299713	10/27/2016 11:45	But who cares about facts, right? The cops FEEL there is a war being waged against them. https://t.co/dkG7FyKwph	F
791607471018303488	10/27/2016 11:48	Nigga is that Anne Hathaway? RT @woahaydrian: Dominicans are out of control lmaoo https://t.co/w2p7MM3fqb	F
792022424774729732	10/28/2016 15:17	Oh really? So how are the falsely convicted prisoners and their families going to be compensated? https://t.co/TdTsC5rPyh	F
792344432528031744	10/29/2016 12:36	Cop In Rekia Boyd case seeks severance for PTSD. Dante Servin could collect as much as $78,000 per year until his pension kicks in. Justice? https://t.co/9bSA6QtyHN	F
650658648729882625	10/4/2015 13:08	Why's blood here?We deserve more #BlackFam @menchithekid @foolishchicka @NewNatTurner @BlackjediNow @conscious_black http://t.co/AWDf5hV5xc	F
650659014104117249	10/4/2015 13:09	Can they end #policebrutality? #cops #BlackLivesMatter #BlackPeopleRules #BlackTwitter #acab #stopracism #racism http://t.co/jmHTt55t1B	F
650791638621552640	10/4/2015 21:56	What The FUCK!? http://t.co/cxF7wq57Tc	F
650593532655235072	10/4/2015 8:49	This young #black man was shot 3 times after pointing his hands like a gun  very interesting.are u f*ckin kiddin me?! http://t.co/5sKoX1BZc2	F
650597753567875072	10/4/2015 9:06	‚ÄúWhat are you going to tell me next? You can‚Äôt breathe?‚Äù #cop said to #victim   fuckin bastard. i find and #kill you. http://t.co/07yZhuMzUc	F
651086891282903040	10/5/2015 17:29	'@tariqnasheed He's bastard. Did he kill 'em for religion? or wut?  or may be he didn't like their skin colour? anyway he's monster!'	F
651090434073071616	10/5/2015 17:43	Black girlz are the most beautiful  AGREE?????????  Retweet you are http://t.co/NwoG51F5t2	F
650968297207296004	10/5/2015 9:38	WTF?#Violence will continue until #MURDERERS in blue shirts are arrested and charged for the murder of citizens. #blc http://t.co/SYqe5Wn29P	F
651834819924508672	10/7/2015 19:01	'@menchithekid @AFRICAisMankind @ReverantRevan @BluntStatement @F_M_D_B @Xpressionable Hey, sup yall! sup, squad! Wyd? http://t.co/cgfiHouAsC'	F
651856661582249984	10/7/2015 20:28	TODAY IN OUR SCHOOLS #COPS ROUTINELY PEPPER-SPRAY KIDS DO YOU FEEL OK WITH THAT?! #CriminalizingChildhood #ACAB http://t.co/8dE23CwU9N	F
652092605015134208	10/8/2015 12:06	Why are you marching on 10/10/15? #PoliceBrutality #BlackLivesMatter #BlackTwitter #BlackPeopleRules #cops #acab http://t.co/dCdeEHCBhr	F
652104180342128640	10/8/2015 12:52	Are you going to join the Justice Or Else march? Tell me in comments http://t.co/TGLqfrIxs4	F
652128576557457408	10/8/2015 14:29	Why this ISIS member look like #Drake? LMAOOOOO  #lol #funny #joke #humor #ornothumor #ornotjoke http://t.co/7udwt0RSb5	F
652259466721652736	10/8/2015 23:09	Hell Nah! Not only we suffer from them,but now r forced 2 pay 4 their protection in court?!  http://t.co/RSwz5xFFtz http://t.co/Gt3SOhyta8	F
652272164666642432	10/8/2015 23:59	#Cops be like: #FirstAmendment you say? Sorry, ran out of fucks 2 give   https://t.co/HzUgWKFBcH #1A #FilmCops #FTP http://t.co/Lbu8Wl3zK8	F
651949781762224128	10/8/2015 2:38	#NYPD Cop:‚ÄòYou hate the police, right N***?' before he arrested #DiquanFedee on bogus charges  http://t.co/YnZoJyELes http://t.co/eHpEe5sDK6	F
652038168317947904	10/8/2015 8:29	What accounts for the #US #cop kill rate? Maybe it‚Äôs the #guns #PoliceBrutality #policeabuse #acab #BlackLivesMatter http://t.co/xwV7M6rqFI	F
652044130378514433	10/8/2015 8:53	There have been thousands of fatal #shootings by on-duty #police officers since 2005. 54 have been charged. wow where the trick is ?!  f*ck	F
652051231234502656	10/8/2015 9:21	Who Remembers Eleanor Bumpurs? A 66 year old #Blackwoman hot point blank range by #police with shotgun. #cops #acab http://t.co/x3yhlYWZcf	F
652052747823525888	10/8/2015 9:27	When will the violence cease? http://t.co/gjUjQ1PSV6	F
652449910554513408	10/9/2015 11:45	Why?? Why is the #cop doing this??  #PoliceBrutality http://t.co/DZe0JfvNam	F
652494527429652481	10/9/2015 14:43	'@christwords199 Is it to me?ÔøΩÔøΩÔøΩÔøΩÔøΩ'	F
652507951035363328	10/9/2015 15:36	! @4mysquad @Solutioneer72 Funny & the #MSM doing their damndest to make cops look good, does anyone believe what #Cops or #MSM say anymore?	F
652408207168700416	10/9/2015 9:00	Are your eyes open now?  #Time #TimeMagazine #BlackLivesMatter #WalterScott #policemisconduct #BlackLivesMatter #acab http://t.co/297fS8xZ9W	F
652412848795074560	10/9/2015 9:18	CAN #CAMERAS PREVENT THE #POLICE FROM HARASSING POOR PEOPLE? #PoliceBrutality #policebelike #cops #acab #BlackTwitter http://t.co/LjIAI2cT5p	F
652413783021780992	10/9/2015 9:22	THE #POLICE CAN PROBE YOU IF THEY THINK YOU HAVE DRUGS Are you sure?! so one more occasion to kill #BlackPeople  #BLM http://t.co/RWs0MqJqYL	F
664543776027877376	11/11/2015 20:42	'@opalayo @BlakkHoodie_562 Cops are freaking insane. Someone needs to stop them. Why are there only racists in police?'	F
664932091629441024	11/12/2015 22:25	'@OaklandTimes Why are those racists so dumb? Don't they understand they can be sued for those photos? Their robes look hilarious btw #OpKKK'	F
664938551016951808	11/12/2015 22:51	'@CincyWhiteGuy @AnonCopWatch Cops are just retarded. Some of them are racists and the others are rapists. Are there any sane people? #OpKKK'	F
666432153568346112	11/17/2015 1:46	'@EngagedE Of course they're out of control. I have no idea how to stop the corruption. Fire every single white cop maybe?'	F
666711671898021892	11/17/2015 20:17	The fuck is actually wrong w/em? Why we paying the gang?  #Police #CrookedCops #4ms  https://t.co/BrZAKFNJDD	F
666712293657452544	11/17/2015 20:19	The fuck is actually wrong w/em? Why we paying the gang?  #Police #CrookedCops #4ms https://t.co/VUrNKQMc0H	F
667082282772144128	11/18/2015 20:49	#TSA is probably the weirdest government agency. The fuck we paying for? #TakingToyFrom5yo #NationalSecurity https://t.co/jhCnyE76MZ	F
666807267312947200	11/18/2015 2:36	Where the fuck is #Justice at?   https://t.co/LLYvzCcj6q	F
799618432949948416	11/18/2016 14:21	Michelle Obama has absolutely no desire to run for President. Can you blame her? ÔøΩ	F
799619260720889856	11/18/2016 14:24	Are you a woman of color who needs money for college or grad school? Here are 100 scholarships to choose from: https://t.co/tZ7OylfdZt	F
801475363289395200	11/23/2016 17:19	My friend @jk_rowling how are you? Thank you for the book, love you from #Aleppo. - Bana https://t.co/c84b4Zux0G	F
801477316710985728	11/23/2016 17:27	"AMERICAÔøΩÔøΩISÔøΩÔøΩREALLYÔøΩÔøΩGONNAÔøΩÔøΩFRONTÔøΩÔøΩANDÔøΩÔøΩCELEBRATEÔøΩÔøΩ""THANKSGIVING""ÔøΩÔøΩLIKEÔøΩÔøΩTHEYÔøΩÔøΩARENTÔøΩÔøΩTERRORIZINGÔøΩÔøΩNATIVEÔøΩÔøΩAMERICANSÔøΩÔøΩRIGHTÔøΩÔøΩNOW?! #NoDAPL"	F
801477722287538176	11/23/2016 17:29	Social media diagnosed Kanye with mental illness. Since when ya'll doctors? That man might have bronchitis.	F
669291124264214529	11/24/2015 23:06	'@kidnoble @MoKaBes @Nettaaaaaaaa @shear_beauty  why media keep silence? Dat makes me sick!'	F
669291381710561280	11/24/2015 23:07	'@kidnoble @MoKaBes @Nettaaaaaaaa @shear_beauty  why media keeps silence? This make me sick!'	F
802183913523257344	11/25/2016 16:15	And they wonder why there is so much mistrust in police? https://t.co/mHz2Xdltaq	F
669979688266309632	11/26/2015 20:42	"'@samswey whatta? This makes me sick! ""Self-protection' ha! #policestate'"	F
669982048707186688	11/26/2015 20:52	'@realDonaldTrump @PrisonPlanet  why dont you apologize for being racist?'	F
669984670013083648	11/26/2015 21:02	'@BenCatrwright @realDonaldTrump @PrisonPlanet u kidding? What the 'all lives matter' really mean? It's just BS'	F
669990588482256896	11/26/2015 21:26	'@BenCatrwright @realDonaldTrump @PrisonPlanet Ya know what white privilege actually is?'	F
669992922734051329	11/26/2015 21:35	'@realDonaldTrump who the hell really supports you? Racists?'	F
670001272393752578	11/26/2015 22:08	'@cnnbrk wow! No Secret Service shooting?'	F
670008414622392325	11/26/2015 22:37	How many of you guys passed away  waiting for the food to be ready? #thanksgiving #ThanksgivingWithBlackFamilies https://t.co/MKlSdIY8qd	F
670309933817065472	11/27/2015 18:35	"""What do we want? Justice. When do we want it? Now!"" #LaquanMcDonald #JusticeForLaquan   https://t.co/3GgW91m4WW https://t.co/s0CNES7NPm"	F
670321909683363840	11/27/2015 19:22	'@FoxNews what the hell?'	F
670323700965777408	11/27/2015 19:29	'@ABC crazy anti-PP ammosexual?'	F
670328249054949377	11/27/2015 19:48	WTF? Analyst says Cop ‚ÄòNot In The Wrong‚Äô To Shoot 16 Times cuz #LaquanMcDonald Was ‚ÄòStill Moving‚Äô  https://t.co/KiyVtK8Ite #JusticeForLaquan	F
670336506804895745	11/27/2015 20:20	'@BreakingNews christian terrorism anyone?'	F
670352683035922432	11/27/2015 21:25	So @GOP what about #BlueLivesMatter ? #hypocrisy  #ColoradoSprings  #GunSence #PlannedParenthood https://t.co/CtHwl8rKrX	F
670357650060795904	11/27/2015 21:44	'@realDonaldTrump who says you have any kind of competence?'	F
670365942015262720	11/27/2015 22:17	'@LiftedTruck4242 @realDonaldTrump ya know what? No blacks would ever support Trump for he tears America apart with his nazi-style ideas'	T
670382977998802946	11/27/2015 23:25	'@cnnbrk Lemme guess... Countless guns to spread his hateful ideas?'	F
670390090279989248	11/27/2015 23:53	'@Sublime12NO @PPact aint that obvious?'	F
670065901081874432	11/27/2015 2:25	'@ABC dancing has made some students feel unsafe? WTF?'	F
670081259843035136	11/27/2015 3:26	'@ABC what family would say he did?'	F
670391811660189696	11/28/2015 0:00	'@mythreerules @AllenWest responsibility for what?'	F
670392934517207041	11/28/2015 0:05	'@ABC White 'pro-life' supremacist?'	F
670397315174301696	11/28/2015 0:22	Still wonder why #coloradosprings shooter alive? He is white If he was black and he'd be dead by now #racism #PP #PlannedParenthood	F
670407975991951361	11/28/2015 1:04	'@LUnionFeLaForce any ideas why?'	F
670415154127990784	11/28/2015 1:33	'@GOP White #Terrorist Shot More People Today Than #Refugees Have Since 9/11  So guns don't kill people? https://t.co/8vq9pkILHd'	F
670416698869219328	11/28/2015 1:39	'@EnemyWithinn oh yes? Any Buddhist terrorists?'	F
670417375406235648	11/28/2015 1:42	'@ABC No seriously. What is the point in being anti-abortion pro-lifer if you actually shoot people????'	F
670704036513976320	11/28/2015 20:41	'@TrumpetteBlast @AllenWest stop what? We have those laws but they doesnt work'	F
670721320460636160	11/28/2015 21:49	'@TrumpetteBlast @AllenWest Me? I dont think I'm entitled to smth others earned'	F
670724517283676163	11/28/2015 22:02	'@Ez4u2say_Janis oh yes? What's that? Those people praise the shooter for saving unborn babies...'	F
670742665168859140	11/28/2015 23:14	'@angelinthepine @HuffPostPol Republican answer to everything is shooting right?'	F
670744249521086466	11/28/2015 23:21	'@angelinthepine @HuffPostPol Well if you have your own opinion there is no need to act they way that guy did right?'	F
670422493144809472	11/28/2015 2:02	'@hinck07 @ABC what other reasons to attack PP?'	F
670442473584500736	11/28/2015 3:21	'@BigKahuna919191 @PPact butchers? How that happens?'	F
670775217267060736	11/29/2015 1:24	'@TheAntiMedia1 so Turkey supports #ISIS?'	F
671066626104549376	11/29/2015 20:42	"#Cops think of themselves as ""Warriors."" Do they fit this definition of a warrior? #policestate #policebrutality https://t.co/a5Wo0xJwZt"	F
670796885972484096	11/29/2015 2:50	'@samswey  so that is called justice???'	F
670800504323244032	11/29/2015 3:04	'@GodBlessRELee @PrecariousPhoto @TINAHILLSTROM1 @NBCNews @BarackObama so?'	F
671463255651561472	11/30/2015 22:58	'@BreakingNews @RobElgasABC7 oh that is called justice? I wanna see him behind bars!'	F
671464862376161285	11/30/2015 23:04	'@FoxNews @edhenry  one more blah blah blah from Gowdy?'	F
671466257770659840	11/30/2015 23:10	WTF? Attorney defends rapist cop: Rape victims cannot be trusted  https://t.co/MliCjSRexN #policestate #ACAB https://t.co/hgRD5QvRos	F
671467539453616128	11/30/2015 23:15	'@NBCNews where te took all that money?'	F
671471640044134400	11/30/2015 23:31	'@Nettaaaaaaaa whats the point in meeting with that racist moron?'	F
671772610884169728	12/1/2015 19:27	'@ShaunKing Oh really? How about blaming republican bigotry and hatred?'	F
671774788734476289	12/1/2015 19:36	What the? #Conservatives think Kim Davis Is like #RosaParks  https://t.co/7hsMmmzLEG #humanrights https://t.co/bxXx8bxZUA	F
671502851391275008	12/1/2015 1:35	'@TheAlaskanInFL @KOKOBEAR52 @FoxNews @oreillyfactor @Chicago_Police so what Crime Laquan Mcdonald actually committed?'	F
674775142841630720	12/10/2015 2:18	'@FoxNews wtf?'	F
675787895358300160	12/12/2015 21:22	'@RT_America less deadly means shooting people 15 times not 16?'	F
676478598686093312	12/14/2015 19:07	'@BernieSanders too bad a lot of Americans are irrational. How can i say that? The want Trump as president...'	T
676479536972754944	12/14/2015 19:11	Can we blame them in #Policestate America 2015? #PoliceBrutality https://t.co/8HMW2s8mkU	F
677257507497107457	12/16/2015 22:42	'@Eire_Grace @deray @Nettaaaaaaaa so one man kills another we should protest? ANd when cops kill us for no reason we should keep silence?'	F
677700103306637314	12/18/2015 4:01	'@mww1969_mike @HuffPostPol Fascism. U feel better now?'	F
671871287065751552	12/2/2015 1:59	'@RT_com so-called turkish freedom of speech?'	F
672195054073724929	12/2/2015 23:26	'@CBSNews Another mentally disturbed trump lover?'	F
671878226009018369	12/2/2015 2:27	'@Columbus2382 @realDonaldTrump so how exactly that was proved?'	F
679051097739124736	12/21/2015 21:29	14 police depts only killed black people this year  https://t.co/5ra1Dpgr2h You call that justice? #BlackLivesMatter https://t.co/Gpe31s05cd	F
680093762811490304	12/24/2015 18:32	How about stop killing people for nothing? Cops must both enforce and obey the law #policestate #policebrutality https://t.co/W4ohvEyJca	F
680194442897276929	12/25/2015 1:12	'@KrewdPoet do you have any heroin for sale?'	F
681556741260242944	12/28/2015 19:26	What? No indictment in Tamir Rice case. Cops have to pay!  https://t.co/NEQt1QCfdb #Justice4Tamir #BlackLivesMatters https://t.co/JV9cVGfdEp	F
681571827550912512	12/28/2015 20:26	'@deray justice should be served. But what exactly should we do?'	F
681587036088872960	12/28/2015 21:26	Would McGinty say the same about these kids? #TamirRice #BlackLivesMatter  #equality #BLM @deray @BlackLivesMpls https://t.co/6DJ5yLNF9C	F
681589392708907008	12/28/2015 21:35	McGinty office says Clev PD had no training in treating gunshots, no  first aid kits #TamirRice WTF? #BLM https://t.co/lByaIt1qMS	F
681604000588935172	12/28/2015 22:33	'@blicqer @CNN is he blind?'	F
672205178490118144	12/3/2015 0:06	'@FreakOutNation  Prayers? Ban NRA! That would work!'	F
672208033712365568	12/3/2015 0:17	'@AllenWest well maybe Turkey should stop buying oil from terrorists?'	F
672210335294750720	12/3/2015 0:26	'@HuffPostPol Prayers? TIme to ban NRA and get rid of all gun nuts! No more gun nuts = no more shootings'	F
672211945454444547	12/3/2015 0:33	'@Reuters Shooting?  Start calling it a terrorist act'	F
672220257491271681	12/3/2015 1:06	'@HuffingtonPost  Has anyone else noticed that not a single mass shooter has been female? 97% are white males'	F
672221829466103808	12/3/2015 1:12	'@michaeljohns SO why the hell they aint stopepd a single mass shooting in the last 30 years?'	F
672221982864355329	12/3/2015 1:13	'@washingtonpost why do americans shoot people?'	F
672223137409466369	12/3/2015 1:17	'@CBSNews  Britain is a member of NATO. ISIS sells oil to Turkey. Turkey is a member of NATO.  WTF?'	F
672223435368468481	12/3/2015 1:18	'@bskuhn77 @FoxNews proof?'	F
672228632635510784	12/3/2015 1:39	'@cnnbrk woman!?'	F
672233105525207041	12/3/2015 1:57	'@HuffPostPol how the hell they planned to take basic women right?'	F
672867305144107013	12/4/2015 19:57	'@BreitbartNews so what is it? Workplace violence?'	F
672881068140204032	12/4/2015 20:52	Who else thinks this is #equality ? #racism #whiteprivilege https://t.co/Jjz1vcWMkN	F
672897452698181633	12/4/2015 21:57	'@HuffPostPol it's a part of women healthcare. How can it be 'god' or 'bad'?'	F
672900383849750531	12/4/2015 22:08	'@ABC  terrorists got attorneys?'	F
672900338811293696	12/4/2015 22:08	'@CBSNews  terrorists got attorneys?'	F
672900302425694208	12/4/2015 22:08	'@Reuters terrorists got attorneys?'	F
672901327463256067	12/4/2015 22:12	'@ABC someone expects to hear truth from terrorists' family members?'	F
673270097926995968	12/5/2015 22:37	'@FoxNews @FoxNewsSunday @RealBenCarson how about not discussing but destroying ISIS?'	F
673591508105236480	12/6/2015 19:55	US waking up? Number of #cops charged with murder tripled #Policestate #PoliceBrutality   https://t.co/B0kTFybxYs https://t.co/quO3lFETQC	F
673952390526046209	12/7/2015 19:49	Have we learned nothing? #racism #racisminAmerica  #equality https://t.co/DO8f5wIF0E	F
806490156551245824	12/7/2016 13:26	"#YouGoodMan?‚ö°Ô∏è ""Black Men Are Giving Themselves A Space To Talk About Mental Health""  https://t.co/BkfoRYULI3"	F
674349792353492992	12/8/2015 22:08	'@FreakOutNation suicide squad?'	F
674707913861029888	12/9/2015 21:51	'@cnnbrk guilty on terrorism?'	F
807240681634795520	12/9/2016 15:09	"""You got McDonalds money?"" https://t.co/EZrXP4mnu7"	F
697513148941627392	2/10/2016 20:11	What about presumption of innocence? #blacklivesmatter #amerikkka #racism #equality https://t.co/PIl06dIsUs	F
697547117426937856	2/10/2016 22:26	Read it again. Now slowly. Do you understand? #BlackHistoryMonth  #BlackLivesMatter https://t.co/FCZKk3klml	F
698620678774206464	2/13/2016 21:32	Is it okay if I ask a question!? #BlackLivesMatter #PoliceState https://t.co/RuMTN97JHw	F
698630471245295616	2/13/2016 22:10	This painting commemorates #blackhistorymonth Is there any progress concerning the liberty of African Americans? https://t.co/5WC96yVvf7	F
699065346309885953	2/15/2016 2:59	TF? Another cop 'afraid for his life' as he steps away and pulls out his taser and fires. #BlackLivesMatter https://t.co/Go7Mk8Umhq	F
699077706030264321	2/15/2016 3:48	This 2016 right?? #racism #BlackLivesMatter https://t.co/DbdIECZVuS	F
700101371815718912	2/17/2016 23:35	Anyone? #BlackPanthers #BlackLivesMatter https://t.co/N7aZGxiMIl	F
700760279660044288	2/19/2016 19:14	The question is brilliant! Did you know that it takes more time to train a barber than to train a cop? #BLM https://t.co/Oy0CHDGo6f	F
701163685310431232	2/20/2016 21:57	Remember when they hung those white people? Yea me either #BlackLivesMatter  #BlackHistoryMonth https://t.co/8EtBU7VxZG	F
694707968592445440	2/3/2016 2:24	TF? Cop who murdered #QuintonioLeGrier suing HIS family b/c of his own pain   https://t.co/tjyeIUEc5R #policestate https://t.co/yAPQqMCf9z	F
696855563947241472	2/9/2016 0:38	I wonder if the braids and pool dancing were symbolic...? #Formation #Beyonce #BlackHistoryMonth https://t.co/SbMX4ynlj0	F
709146151170252800	3/13/2016 22:36	Yeah, where are all these good cops when the bad ones are killing us? https://t.co/YIeXRyS7G0	F
709534602549825540	3/15/2016 0:20	Who TF supports Hillary? She is the worst thing that  could ever happen to us #BlackLivesMatter https://t.co/mcfY1gyRcF	F
709553448853831680	3/15/2016 1:34	The fuck? #FeelTheBern  #BlackLivesMatter https://t.co/p7Dml5Ddwe	F
710630476889890816	3/18/2016 0:54	How can we live in the world where those who are supposed to protect us kill us instead?  #BlackLivesMatter https://t.co/6Z6vvcafx1	F
711622610300186624	3/20/2016 18:37	Who keeps hiring these beasts?  https://t.co/47ULZOJlNm #Policestate #PoliceBrutality https://t.co/dnq1LXBJ0v	F
714611808489775105	3/29/2016 0:35	TF???? Cops Have Expert Show How Deadly a Bucket Can Be To Justify Killing Man With Bucket  https://t.co/uMkw8La9Dl https://t.co/ZgK46xj267	F
714974929674833920	3/30/2016 0:38	Any thoughts? #BlackLivesMatter #PoliceState https://t.co/rIvY2w2T5A	F
715251898530435072	3/30/2016 18:58	'@cartwa so let's shoot every person who breaks the law?'	F
714999847812599810	3/30/2016 2:17	WHAT? Woman Kicked Off American Airlines For Wearing #BlackLivesMatter Shirt  https://t.co/eJDkUEe5yC #racism https://t.co/U6x2K6ziaV	F
720682071568576513	4/14/2016 18:36	Poor Black Man Beaten To Death In Texas Jail.  TF??Guards ain't give a shit!  https://t.co/RpSeixZCoy https://t.co/j8yuptL00s	F
721079168172036096	4/15/2016 20:54	Is this for real? Dozens of killer cops were cleared of wrongdoing without announcement  https://t.co/X6We6jvIC4 https://t.co/HoVa3Sw0el	F
724732147592892417	4/25/2016 22:49	So he associates Black hairstyles with ‚Äúbeing weird‚Äù?  Damn freak. https://t.co/TcluEOcpvs	F
724734388940873728	4/25/2016 22:58	A lot of people are mad, but who cares? It's the best thing ever happened to America #BlackLivesMatter https://t.co/pb1Zrv7Z3e	F
731585972442435586	5/14/2016 20:44	Why are there no Black people on #Eurovision ? Sweden has always been a racist shithole. https://t.co/dD7maRTBmm	F
731934996450119684	5/15/2016 19:51	When will America stop the genocide of its own people? https://t.co/6E0WZJLH4R	F
731655361589968896	5/15/2016 1:20	WTF??? AL sorority makes T-shirt featuring Black men eating watermelon and picking cotton  https://t.co/lIAgQcsn1M https://t.co/buPoI9xlLr	F
733059605354307584	5/18/2016 22:20	Whites are 30 times as likely to use cocaine as Blacks, and 50 times more likely to abuse opiates. So why are the prisons full of Blacks?	F
734192081120329728	5/22/2016 1:20	Who's winning? I think both are perfect https://t.co/hAwTRa2eM3	F
734864007413145600	5/23/2016 21:50	Militarization of Baltimore police has increased tremendously since O'Malley. 580k went to police since 2014. Scared of new riots?	F
734871552475332608	5/23/2016 22:20	"Kill a Black man: ""By accident""  ""I was scared""  ""He was violent""  He was unarmed  ""Does it matter?""  ""I'm new"" https://t.co/9Uhi9hDuUw"	F
734931943934955521	5/24/2016 2:20	Fox News or CNN never say anything nice about Black people. Why do people still watch racist TV channels in 2016? https://t.co/LoAkRPYIY7	F
631119128292556801	8/11/2015 15:05	What do 2 men, which have been missing 4 over a decade, have in common? ...one lethal cop #BLM http://t.co/0Yc4UUwcLM http://t.co/gIx0TiomsT	F
633626351652573184	8/18/2015 13:07	Wat am I looking at? https://t.co/atmWRWlq45	F
633650663512104960	8/18/2015 14:44	Why on earth am I starting to have these wild ass nightmares!!?!!?! It's like they're constantly getting out of control the more I have them	F
633715035525672960	8/18/2015 19:00	I'm on phone you see? ÔøΩÔøΩÔøΩÔøΩÔøΩ http://t.co/IoK6WcIdsl	F
633969938651217926	8/19/2015 11:53	'@ShaunKing Completely shocked how Rediculous is their defence for it. I mean theyre blaming his heart condition?? We must not let them stay'	F
634035707678298112	8/19/2015 16:14	'@NatvNewYorkr Its about Cop Abuse and Violence. What am I going to ignore it?'	F
634115890905124864	8/19/2015 21:33	Hey What fo you think about that? They are spying us #StayWoke #BlackLivesMatter #FTP  http://t.co/0YpjnuC6CS http://t.co/Ioon5Ihbfe	F
634146090632155137	8/19/2015 23:33	and they tryna cover up blaming his heart condition. WTF? #StayWoke #PoliceBrutality #BlackLivesMatter #PoliceAbuse http://t.co/9Wow6ZXTLA	F
633940179695239168	8/19/2015 9:54	How do I get it out my mind now?? ÔøΩÔøΩÔøΩÔøΩ#Funny #BlackPeopleTwitter #FollowIfYoureBlack http://t.co/nDTbjKG7XO	F
634329007023067137	8/20/2015 11:39	Photo: ‚ÄòRoid Rage: Are steroids behind the worst police brutality cases?¬† In 2004, the growing menace of... http://t.co/WibosF5o3N	F
634343601653182464	8/20/2015 12:37	Thats like insane's person actions!! WTF? #PoliceLies #BlackLivesMatter #PoliceAbuse  http://t.co/tiiPPenfHZ http://t.co/0EcT018soW	F
634347405438226432	8/20/2015 12:53	Photo: 4mysquad: ‚ÄòRoid Rage: Are steroids behind the worst police brutality cases?¬† In 2004, the growing... http://t.co/KKzQ1YAtgo	F
634352015603302400	8/20/2015 13:11	Photo: 4mysquad: ‚ÄòRoid Rage: Are steroids behind the worst police brutality cases?¬† In 2004, the growing... http://t.co/rsLkSzMkGM	F
634356214994874368	8/20/2015 13:28	'@AntonioFrench what are the results?'	F
634371029377257472	8/20/2015 14:26	'@kidnoble why were children out there?'	F
634259123798872065	8/20/2015 7:02	'@4mysquad @NatvNewYorkr @NotJustMy @MSNBC @POTUS #WhitePrivilege is real. Say it? Hell I'll shout it. I stand with #BlackLivesMatter'	F
634859237391364096	8/21/2015 22:46	What do you feel when they kill your family? The same feeling... #BlackFamily #BlackLivesMatter #policebrutality	F
634862001274126336	8/21/2015 22:57	'@Didactic_1 @sluggoD54 @ShaunKing what can Trump give to the U.S. ? Pinching? White privilege? To my mind that's all'	T
634630114223853568	8/21/2015 7:36	Thats like insaine's person actions!!! WTF????!!! #cop #policeviolence #policebrutality #black #BlackLivesMatter #blc http://t.co/BJXupWpcMi	F
635117726747373568	8/22/2015 15:54	'@ReverantRevan @problemwthat dat's their thoughts , yea? we don't think so. We are one. Our power MUST conquer all of em'	F
635125974573580288	8/22/2015 16:26	Wardell #police chief faces 3 felony charges in 2 separate cases. WTF?? #PoliceBrutality #cops #policeviolence #JUDGE http://t.co/MFpJI1H7Zy	F
635146479447871488	8/22/2015 17:48	we all have dis #problem in #USA but why are #BlackFamily oppose it??? https://t.co/7AX2TpAINb	F
635146703646031872	8/22/2015 17:49	'@PoliceMiscondct  ppl dogs cats... Why don't cops kill each other?'	F
634994226695008256	8/22/2015 7:43	'@ShirleyHusar do you have a plan?'	F
635480078743310336	8/23/2015 15:53	And why there were like seven of them? WTF??? Pigs be dumb and agressive like animals. Its a shame... http://t.co/D75OJA24HB	F
635363912033005568	8/23/2015 8:12	'@AFRICAisMankind what does it have to do with martha stewart?'	F
635744676146909184	8/24/2015 9:25	Anonymous #NYPD #PoliceBrutality. Did they broke his arm?? #Boost it #StayWoke #FTP   https://t.co/V22UAwUInw http://t.co/pbXQXRoJSK	F
636119042919632896	8/25/2015 10:12	'@JoeSpectr the other #policebrutality incidents're not enough 4 ya? just wanna know are u against 4 urself? 4 ur race? it's not normal, dude'	F
636121562400296960	8/25/2015 10:22	'@JoeSpectr we have restricting the rights of our race. We have agressive deportment. We have 'ya black and go f*ck urself'. Wanna moar???'	F
636129116291514368	8/25/2015 10:52	'@JoeSpectr wat else accept borders? anti blc anti allience... ya just hater'	F
636132205845184512	8/25/2015 11:05	'@JoeSpectr ya've lived the whole life2assert w/confidence bout dis problems?so many innocent ppl are dead cause of cops shootings.dat's real'	F
636135079094435840	8/25/2015 11:16	'@JoeSpectr ya wanna saying we all're trapped? so it just cause ya still alive and it didn't affect ur family.yea?'	F
636141772876443648	8/25/2015 11:43	'@jonswaine @ShaunKing BAST*RDS!all of 'em... wat do they want from us?? those cops are so brazenly use their society status!No love4cops!'	F
636146404625371136	8/25/2015 12:01	She's total traitor and i'm gonna ask ya WTF dudes???? Does da shiid happen or wat? http://t.co/8sGdtqFXf7	F
636154412671594496	8/25/2015 12:33	'@AyeeKayTee mb ya don't need 'em at all? be light bae. it's juss life and it becomes easier when ya Light'	F
636154680192696320	8/25/2015 12:34	'@BewareImAVirgo ya thing it's so much to cry ?))) ya beauty queen bae! wanna ya 2be happy'	F
636157975648989184	8/25/2015 12:47	She's total traitor and i'm gonna ask ya WTF dudes???? Does da shiid happen or wat? #blkcreatives #BlackLivesMatter http://t.co/IO0dgsfB43	F
636158140359249920	8/25/2015 12:48	What's the right #police body camera #policy? #policeBrutality #cop #BlackLivesMatter #BlackTwitter #blackppltwitter http://t.co/4xB312HTdj	F
636160533142573056	8/25/2015 12:57	'@pupKrypto @strangerslog @fakedansavage oh yea... but war on cops will be the most logical conclusion, don't think so?'	F
636165685954093056	8/25/2015 13:18	We tell the world 'bout #BlackLivesMatter yea #BlackFam? http://t.co/aXgC9aTh3M	F
636168900460326913	8/25/2015 13:30	‚ÄúI fully believed he was trying to kill me,‚Äùcop said. ‚ÄúI did what I had to do to survive.‚ÄùWTF?! YOU ARE #COP!! Boost! http://t.co/wVNdmtfekS	F
636174444361326593	8/25/2015 13:53	"Youd be like ""Whats funny?""  Girl would reply ""does he drive white benz, he lives in festac, he has 2 dogs"" http://t.co/7ks9gnPOXp"	F
636179282096558080	8/25/2015 14:12	'@democracynow @BootsRiley Don't they realize dat ya can't  treat ppl like this? ya the folks not animals... pls tell me why ??? no words(((('	F
636186231739650048	8/25/2015 14:39	'@coldandnervous Ya talking to me?'	F
636195667254251520	8/25/2015 15:17	'@Thisl even when I tryna understand it.I rly can't.What's going on? Day's not life.Dat's very very big fails.So lil.So cute.#RIP #cops #BLM'	F
636203051511087104	8/25/2015 15:46	#Police officers take down & arrest homeless amputee in San Francisco! WTF???#PoliceBrutality #usa #racism #cops http://t.co/liMOl04DEH	F
636209349367603200	8/25/2015 16:11	So where all the white folks who talk about how rap dont talk about the issues?.#PoliceBrutality #policeviolence #BLM http://t.co/mHJmTLzaaf	F
636082941903269888	8/25/2015 7:49	‚ÄúI fully believed he was trying to kill me,‚Äùcop said. ‚ÄúI did what I had to do to survive.‚ÄùWTF?! YOU ARE #COP!! Boost! http://t.co/qy91Na1xVx	F
636085274032762880	8/25/2015 7:58	What's the right #police body camera #policy? #policeBrutality #cop #BlackLivesMatter #BlackTwitter #blackppltwitter http://t.co/h7DX08ezD6	F
636106130457018369	8/25/2015 9:21	'@JoeSpectr WTF? ya think he's guilty?'	F
636114432540676096	8/25/2015 9:54	'@JoeSpectr ya know the law well to say 'bout it , dude? imma not sure'	F
636114456200785920	8/25/2015 9:54	'@JoeSpectr oh btw ya have arguments or just want to bend the line?'	F
636479866964180992	8/26/2015 10:06	'@ChernoBiko wat's going on? wat's happend w/our country?Every fuking day we see new fact of #PoliceBrutality. And WAT?? Nobody cares!NOBODY!'	F
636482290504347648	8/26/2015 10:16	Cops make disgusting fake memorial mockin da killing of #MichaelBrown by #DarrenWilson. ya wonder why ppl hate #cops? http://t.co/yY9fz2AvAS	F
636513505177399297	8/26/2015 12:20	'@Jessica_Fae_R Oh honey ya see your f*ckin stupidity?Mb ya wanna explain me why do ya f*cking call our SYMBOL stupid?we all support lives!'	F
636514147744784384	8/26/2015 12:22	'@Jessica_Fae_R Ok.Who are the criminal??? #SandraBland ? #MikeBrown ? #TrayvonMartin ? juss tell me who of 'em is F*CKIN criminal???'	F
636516400518049792	8/26/2015 12:31	'-Knock-knok -Who are you? -Imma cop. Puff-piff-pass!'	F
636522459588657152	8/26/2015 12:55	Why isn't media reporting diz???? WHY??? #standforsomething  https://t.co/ESTpe426TQ	F
636523508374351872	8/26/2015 13:00	What if I told ya  Pro-#BLACK is Anti-#White?!  We all are anti-#Racist! We #hate 'em. #cops #RacismInAmerica #BLM http://t.co/XJZYY9RjGq	F
636526229714247680	8/26/2015 13:10	'@Jessica_Fae_R @HearMeowt @BlackjediNow Ya lady only care 'bout injustice. And ya support it yea?Our friends and relatives are threatened.'	F
636526803352428545	8/26/2015 13:13	'@Jessica_Fae_R Are ya sure HOW they died? Or your facts are juss farce?'	F
636535711450140672	8/26/2015 13:48	Cops Beat Their Wives & Girlfriends.Oh cops,ya not at work.or is it a habit?haha.or your wife might wore black blouse http://t.co/Tzrm1PVM1w	F
636540364812382208	8/26/2015 14:07	'@staceys_75 @Tom_Winter wat do cops wanna achive? war on 'em? we all hate 'em. But they wanna more'	F
636566753900826624	8/26/2015 15:51	'-Knock-knok -Who are you? -Imma cop. Puff-piff-pass!'	F
636580848830013440	8/26/2015 16:47	'@haskel_420 ya think  relatives and friends of those killed? or I did dis by myself? m? ..'	F
636582190810136577	8/26/2015 16:53	'@RealJoeyMac @ShaunKing Wat we can do? Stand for each other. Fight fo our rights. We are strong and oir Power will lay low 'em all ya know'	F
636585129821868033	8/26/2015 17:04	'@haskel_420 Heeey bae don't ya think not paid cigars is a worthy occasion to kill male??? Sorry ya dumb than...'	F
636595854942404609	8/26/2015 17:47	'@Mimi_La_Reina ya don't wanna talk to me? :('	F
636439395030183936	8/26/2015 7:25	Did you know this? #BlackTransLivesMatter #BlackLivesMatter #Blackpeople #blacktw #PoliceBrutality #racism http://t.co/ljicqAC1Uy	F
636863608253616128	8/27/2015 11:31	'@MastaOfMp3s and they all were threatened like those in St Louis? and there were so many deaths?'	F
636868998311755777	8/27/2015 11:52	How do you like #Police like that? I.. just... WTF is going on?! #PoliceBrutality #PoliceViolence #PoliceAbuse http://t.co/D32woTlzdv	F
636906954984525824	8/27/2015 14:23	whats up Florida?  https://t.co/XxTc0Y5P1w	F
636908555547766786	8/27/2015 14:30	'@HAZZAFORBANANA @JordinSparks why does it look like its art when clearly its just some paint mess?'	F
636909067311575041	8/27/2015 14:32	'@kgracerr @JordinSparks Isn't it too soon to joke about Killing and St Louis????'	F
636917568448495617	8/27/2015 15:05	'@deray why any who are doing these things? what is the profit?'	F
636932243475202048	8/27/2015 16:04	#Police officers take down & arrest homeless amputee in San Francisco! WTF???#PoliceBrutality #usa #racism #cops http://t.co/FOK1VZDhhv	F
636938321046822912	8/27/2015 16:28	North Dakota only has 740,000 people in it. Why the fuck do they need weaponized drones?? #drones #teargas #tasers http://t.co/ce6XlcUh5a	F
636938666913361920	8/27/2015 16:29	'@FritzColburn the main is that he Rests in Power. right?'	F
636939814554591237	8/27/2015 16:34	'@thelittleidiot moby are you still there?'	F
636956801947144192	8/27/2015 17:41	Police Officer pulls over viewer of The David Pakman Show  because of direct contact with him. whaaat? #BLM #StayWoke http://t.co/zWaUR4COoe	F
636817227451228161	8/27/2015 8:27	why pigs see everyone as the enemy??? #allCopsAreBad #ACAB #FTP #PoliceAbuse #PoliceViolence http://t.co/b2JDQeNWDT	F
636823889591439360	8/27/2015 8:53	'-Knock-knok -Who are you? -Imma cop. Puff-piff-pass!'	F
636824240616943616	8/27/2015 8:55	Cops Beat Their Wives & Girlfriends.Oh cops,ya not at work.or is it a habit?haha.or your wife might wore black blouse http://t.co/78ToIxhiwd	F
636831318685278208	8/27/2015 9:23	'@MastaOfMp3s @PolitiFact Holy Shit! How did they get a permisson for it? Thats so way over the line!They all goin in jail for that right?'	F
636832261866831872	8/27/2015 9:26	They don't fucking use it even in battlefield! But they use it to attack protestors? #Boost it  http://t.co/YKjkUIgBGi http://t.co/qtvJuyeWZJ	F
636840548179963905	8/27/2015 9:59	'@MastaOfMp3s @PolitiFact but thats absurd! theyre not even using this at battlefield. But theyre using it for US citizens. WHY?!'	F
637252648119369728	8/28/2015 13:17	Police Officer pulls over viewer of The David Pakman Show  because of direct contact with him. whaaat? #BLM #StayWoke http://t.co/mmDM4yfxKX	F
637260574720552961	8/28/2015 13:48	'@FritzColburn @BlackAutonomist hahaha ÔøΩÔøΩ sure U would. Irish worst enemies are hangovers right?'	F
637263233917677569	8/28/2015 13:59	'@rainnwilson @CNN Do you support #BlackLivesMatter movement?'	F
637272151146393602	8/28/2015 14:34	Are these #cops fuckin stoned or what?How far can they go with their twisted shitty lies? #StayWoke #BlackLivesMatter http://t.co/EByoytxExk	F
637277250409267201	8/28/2015 14:55	'@LaurenConrad reminds me of Nirvana's About a girl. anybody else?'	F
637297682151686144	8/28/2015 16:16	'@PerezHilton @justinbieber nobody hates him no more?'	F
637300760280039424	8/28/2015 16:28	Why (how) do some men ENJOY harming and beating another human being? It is so bizarre to me. http://t.co/ywEeXOtFb3 http://t.co/rxLC7b5U8R	F
637304758622027776	8/28/2015 16:44	'tripped and failed, and...' what are they Nuts? https://t.co/1aDTrnWFQQ	F
637580738305458176	8/29/2015 11:01	'@hogrider30 imma not call ya to reply me ya know? wat do ya want from me?'	F
637581326015574016	8/29/2015 11:03	'@hogrider30 are ya gonna teach me ??? how to post or how to live?'	F
637582827119218688	8/29/2015 11:09	'@hogrider30 I've told it and I'm gonna repeat:  Imma not f*cking anti-WHITE . I juss protect the rights of my nation.more questions???'	F
637583829612408832	8/29/2015 11:13	'@hogrider30 so dude ya juss a lil hater of #BLM movement , yea?? then try not to choke ur own shit pls'	F
637593243119583232	8/29/2015 11:50	'@hogrider30 did ya mean if ya help just one person to die from ur message?'	F
637604168513880064	8/29/2015 12:34	'@antny024 yassssss I agree dat double standarts run the world. But #BlackCommunity is not a root of dat problem ya see?'	F
637613017505488896	8/29/2015 13:09	'@antny024 ya tellin strange shit... Mb ya wanna say it's my problem? i don't think so.'	F
637614123350519808	8/29/2015 13:13	"'@antny024 ya don't understand da essence of da problem.But ya still discussin it! ""when a #BLMr member shoots a cop"" ya face dis so often???'"	F
637641005622124545	8/29/2015 15:00	'@allan__westen Aaaaaaaand?'	F
637645494185947136	8/29/2015 15:18	why it always happens?????#black #WhitePrivilege #BlackLivesMatter #AllLivesMatter #blacktw #followme #like4like http://t.co/L4BB7v8bKG	F
637648313290878976	8/29/2015 15:29	'@GorillaChompz Siriously...? I was not born in Africa to say these words 'bout myself.'	F
637650695701725185	8/29/2015 15:39	Sorry for pink... But WHY?... #Black #White #racism #Immanotantiwhite http://t.co/jxbvjOOQsZ	F
637669322798698496	8/29/2015 16:53	'@Yung_Twigger @ShaunKing Hello. Where're ya from>? Imma from #US and here's democracy as I remember.I'll speak the way I wanna speak.'	F
637678013530816512	8/29/2015 17:27	'@Rsho85 @ShaunKing lol wut? I dunno?! Oh ya f*ckin clairvoyant! Bleed ur skills at first.'	F
637682652296818688	8/29/2015 17:46	'@Rsho85 @ShaunKing it's right dat ya not man! Ya clever one! But I can discuss it cause I know these facts not by hearsay ya get it, man???'	F
637683083374759936	8/29/2015 17:47	National tragedy.Bees or cops?!there's no defference. #BlackLivesMatter #blackpeopletwitter #Black #PoliceBrutality http://t.co/58bLkCk2Tm	F
637705556019445761	8/29/2015 19:17	How? #police #racism #RacismInAmerica #copsincompetence #PoliceBrutality #blackpeopletwitter #BLM #AllLivesMatter http://t.co/YI9xJOgelh	F
637524243522019328	8/29/2015 7:16	'@ReverantRevan ohhh yea, bro. who to call when cops kill us?'	F
637537654511300608	8/29/2015 8:09	'@YourNotEducated yass? it sucks?) Prove it then'	F
637540137983803392	8/29/2015 8:19	'@ReverantRevan oh my God... It's unbelieveble. but why???'	F
637550153549742080	8/29/2015 8:59	'@YourNotEducated ya sayin I gotta propoganda in my Tw,yea? Imma not anti-white.Imma anti-racist ya know?But ya hater at all.Ya hate us. F*g'	F
637551183679254532	8/29/2015 9:03	'@YourNotEducated wait.wat're ya rely on?on ur stupidity?Google'll help ya to find link.At first try2be polite to ppl then ask 'em 'bout smth'	F
637559220368338944	8/29/2015 9:35	'@YourNotEducated @ReverantRevan don't yas think there was no things that I got tough with?ya juss chatterbox..and ya not frightening at all'	F
637958869151383552	8/30/2015 12:03	Part 3. You've seen dis?????? #cops #policeBrutality #BlackLivesMatter http://t.co/fSLEu1sGca	F
637970623340285952	8/30/2015 12:50	20 years in prison after having a miscarriage...What the FUCK is going on in Indiana right now??? http://t.co/98yZcd8ehW	F
637972988311109632	8/30/2015 12:59	'@deray Oh cops.... When are they going to settle down??? or we need to start War on 'em to prevent #policeViolence???'	F
637980544270139392	8/30/2015 13:29	'@FritzColburn Don't believe. They just have bribed all of the Media! Don't ya see?????'	F
637982487210164224	8/30/2015 13:37	Can our #black #president do at least smth to stop this??? #PoliceBrutality #policeviolence #racism #RacismInAmerica http://t.co/4EsBvfsVPO	F
638025311217582080	8/30/2015 16:27	'@hoshannahtaylor but wut they tryna prove us?dat injustice is normal in #US ?I can say I DON'T THINK IT'S NORMAL BUT I GET USED TO IT. ÔøΩÔøΩÔøΩÔøΩÔøΩ'	F
638028794285068288	8/30/2015 16:41	'@hogrider30 Imma FAG???'	F
638028761288470529	8/30/2015 16:41	'@hogrider30 hahahahaaaa... Imma fggot..? Siriously? ))) So okaaayyy. Who are u? Ya wrightin to me every f*ckin day. Ya tryna insult me.Aaand'	F
638029375204560896	8/30/2015 16:43	'@hogrider30 Don't ya think ya goin mad w/ur age and ur life?Ya like everything in ya?imma not sure man.now bye.'	F
638036648811343872	8/30/2015 17:12	'@hogrider30 oh may be ya wanna be in mah fam?)'	F
638038013847605249	8/30/2015 17:18	'@hogrider30 Oh ya BITCH... Let's speak 'bout ur woman...or GRANDMA??? How does she like? or let's be honest! stupid sheep???'	F
638039448869998593	8/30/2015 17:23	'@hogrider30 hahaaa Remember me!Imma nigga! And if we all are 'CRIMINALS' as YA say why don't ya scared?!mmm?Try to choose: be silent or dead'	F
637894453978488837	8/30/2015 7:47	Bees or cops?! there's no defference. #BlackLivesMatter #blackpeopletwitter #Blackpower #cops #PoliceBrutality http://t.co/qRqGWQJTZq	F
637918693494685697	8/30/2015 9:24	You ever had a McChicken and the lettuce didn't come out?	F
638315133626781696	8/31/2015 11:39	'@Blkhysteria you think that if a bunch of cops spit on people that should be legalized? hell nah. They all should be fucking fired!'	F
638317608677146624	8/31/2015 11:49	'@menchithekid how is it going, bae?'	F
638318984446607361	8/31/2015 11:54	'@Blkhysteria who do you call criminals in this case?'	F
638319621016150017	8/31/2015 11:57	'@Blkhysteria you call em criminals cuz what?'	F
638348327478661121	8/31/2015 13:51	Do you mean... NO chance AT ALL? #ThatsWrong #ACAB #HandsUp #BadCops #StayWoke http://t.co/1t0f8AWd6G http://t.co/J53fgxzufG	F
638363908957335552	8/31/2015 14:53	Want to hear some good news? #Bodycams #Police #LAPD #PoliceAbuse #BlackLivesMatter #4mysquad http://t.co/qC3CDaB2l6	F
638372464955789312	8/31/2015 15:27	'@ShaunKing may be its some twisted trick to avoid more serious charges???'	F
638381524757286912	8/31/2015 16:03	'@piersmorgan @tinobest @NewickCC running thru the six man?'	F
638385388067749889	8/31/2015 16:18	'@Destinbeach22 oh you think whites dont kill whites? if you do youre naive af'	F
638388138499420160	8/31/2015 16:29	'@lenadunham #BlackLivesMatter right?'	F
638389101595496448	8/31/2015 16:33	'@106andpark @chrisbrown @STARRPOWERENT @fettywap @Kid_Ink #BlackLivesMatter right?'	F
638401366470213632	8/31/2015 17:22	'@SethMacFarlane Does Black Lives Matter to you Seth?'	F
638255357417000960	8/31/2015 7:41	'@Docmack6 @menchithekid hey sup ppl!?'	F
638272585067728896	8/31/2015 8:50	They can this motherfucker FREE, bail $50k! Am I juss having a nightmare? Wake me up! #BadCops  http://t.co/Ybe67xT439 http://t.co/8UVoEBjnFM	F
638273352306528257	8/31/2015 8:53	whaaaat??? ÔøΩÔøΩÔøΩ #lol #blckppl #BLM #BadCops #StayWoke  https://t.co/Kny8WMFdt8	F
638779400889221120	9/1/2015 18:24	'@PoliticallyLib what is POS? ÔøΩ Im 2 dumb please tell me'	F
638805853798166528	9/1/2015 20:09	is she hot? https://t.co/oj8XfmBJuz	F
642479444616024064	9/11/2015 23:26	'@DarrenCriss @mashable crystal clear?!'	F
642498509887766537	9/12/2015 0:42	You see my Getups? I'm Fresh AF I'm Fresh AF I'm #FreshAF..... http://t.co/XHSouKLsh2	F
642771146673274880	9/12/2015 18:45	what the actual fuck? is this a joke? https://t.co/o7z9Olr1ER	F
642772203713355776	9/12/2015 18:50	'@holyscum why u gotta be an asshole, bruh?ÔøΩ'	F
642772457145810945	9/12/2015 18:51	'@mindykaling youre awesome, u kno that??'	F
642775779709861888	9/12/2015 19:04	'@holyscum nah, u took it serious? cmon, pfffff'	F
642843429752320001	9/12/2015 23:33	And what are they acually get paid for anyways? http://t.co/gj8lcyqXKa	F
642844141596991488	9/12/2015 23:36	'@NICKIMINAJ What's good? #NickyMinaj #mileycyrus #MileyWhatsGood http://t.co/iN02nORC1H'	F
642846518140010496	9/12/2015 23:45	'@aishatyler @paulscheer why is he so screwed?'	F
643491361698807808	9/14/2015 18:27	Building Trust, Or Danger? #Debate Over Naming Officers After Shootings #BlackLivesMatter http://t.co/UHfHzlRgI7 http://t.co/z8eENU40Ts	F
643501499033649152	9/14/2015 19:08	WHAT ARE THOOOOSE? #WhatAreThose #kicks #shoes #Puma #Fila #cute http://t.co/r5ksnb8gJp	F
643519833691320321	9/14/2015 20:20	'@MichaelAusiello @peterfacinelli @NBCBlindspot @JaimieAlexander ruined a beautiful body! who agrees?'	F
643542932692320256	9/14/2015 21:52	'@Took777 @AnonLove253FTP bc of Christians? can't see the connection, dude'	F
643543379880624128	9/14/2015 21:54	'@JamzLdn @AbdiTV sup dude, how you been?'	F
643597922391560192	9/15/2015 1:31	'@SnoopDogg Do you support #FreeGucci? http://t.co/9CpBUoi9L6'	F
643609852661501952	9/15/2015 2:18	'@NeNeLeakes @e_ambrose ask those fashion police what are thooooose? http://t.co/WR5rSCKqJi'	F
644663811811618816	9/18/2015 0:06	Forgot about this one? Crazy! Must see #PoliceAbuse #PoliceBrutality   https://t.co/6uvju92Wvi	F
644665705598550016	9/18/2015 0:14	'@kirstiealley What does it have to do with Canada?!'	F
644667650870652929	9/18/2015 0:21	'@pjbtexas @kirstiealley what makes you think that all Imigrants are BAD?'	F
644669815689342976	9/18/2015 0:30	'@kirstiealley and they make a better place to live in than US?'	F
644671391913091072	9/18/2015 0:36	Are all police in #Florida retarded?  Is there a box they've to check to join the force there? https://t.co/ekoqTZzQSl http://t.co/3f4M6ZqhKo	F
644856577447489536	9/18/2015 12:52	'@honestbostonian But who are you?! Why are u even allow urself to talk to me??'	F
644857217846407168	9/18/2015 12:55	'@honestbostonian Mb I'm not the one playing victim but I'm the one of victims at all??'	F
644902263757017088	9/18/2015 15:54	One moaaaar #BlackLivesMatter activist ya see ??? lol #Blackandwhite #WhitePrivilege http://t.co/NnJG9Dcp3X	F
644905640779886592	9/18/2015 16:07	When will our voices be heard?! #staywoke #blacklivesmatter #stoppolicebrutality #equality #justice #peace #blm #blc http://t.co/RxXjaSp6Rk	F
644686995986382848	9/18/2015 1:38	'@KylieJenner how do you like me now?'	F
645189656615583744	9/19/2015 10:56	Want to know how civilized are #country? Look at #cops. #PoliceBrutality #policeViolence #staywoke #BlackLivesMatter http://t.co/wzfdioIV3Y	F
645209135596761089	9/19/2015 12:13	'@The_FastBreak Morning mood?)'	F
645213033594159107	9/19/2015 12:29	'@CurvaceousCodi Push my buttons yass? ÔøΩÔøΩÔøΩÔøΩÔøΩÔøΩ'	F
645057815187361792	9/19/2015 2:12	'@Dogamis @pjbtexas @kirstiealley yeah and how do you measure this ??'	F
645144070889705472	9/19/2015 7:55	Who to call if #police rubs people out? http://t.co/cNhgCv88te	F
638884004750475264	9/2/2015 1:19	'@wef where is Russia?'	F
638887073022251008	9/2/2015 1:32	'@unclejo @Four_Pins Is it a start of his presidential compain? #Kanye2020'	F
638892932422995968	9/2/2015 1:55	'@wef where is your mom in this chart?'	F
639003118517092352	9/2/2015 9:13	#Cop enters wrong house, dog attacks. How were they supposed to know the dog was #unarmed?  #policeviolence #black http://t.co/qJdMWqhq33	F
646106584691507200	9/21/2015 23:39	If this #Cop believes HIS life is worth 1 dollar, It doesn't mean that everybody's life has the same value, right? http://t.co/w2aGWpKsia	F
646125753663418368	9/22/2015 0:55	'@FritzColburn hmm, you mean bodycams? and some more responsibility by LAW?'	F
646359527332286464	9/22/2015 16:24	where is the lie?! #police #cops #BlackLivesMatter #BlackTwitter http://t.co/3eA6hPDAou	F
646379530026782720	9/22/2015 17:44	What Obama Has Accomplished? http://t.co/whwfin5DUK #BlackLivesMatter http://t.co/HdfkDIo4sI	F
646425629500555264	9/22/2015 20:47	'@CuteAnimalsBaby @Leftie_Kate Why do Police officers hate them? ÔøΩ'	F
646437709817384961	9/22/2015 21:35	'@Donte_ThePoet @kidnoble POLICE?'	F
646466763404644352	9/22/2015 23:31	'@jessicaalba @ourtimeorg who are you gonna vote for? If its not a secret'	F
646155205302550528	9/22/2015 2:53	would you believe it if somebody just told you?  Thats absolutely Insane! #Police Is DONE now  https://t.co/laWpTWLKIo http://t.co/3RH83w6nMV	F
646219151439060992	9/22/2015 7:07	Not as simple as killing someone's dog isn't it? #Police #Cops #StayWoke #BlackLivesMatter #policeviolence #brutality http://t.co/6UnqgUMUNw	F
646224714059218944	9/22/2015 7:29	NYPD officer playing with kids 1970s.Why can't we see diz nowadays?#sosad to understand dat all goes worse each year. http://t.co/E8FQLMxoiZ	F
646242585309122560	9/22/2015 8:40	'@Iyamtebist Yass awful thing.What to wait from the future?'	F
646243009504284672	9/22/2015 8:41	'@Marv_Vien But what if I say mah life depends from juss havin a gun in my pocket? If cops kill us, I think I need a gun to protect myself.'	F
646597483003416577	9/23/2015 8:10	All #cops are bad yass??? #GIF #badass #policeBrutality #policeAbuse #BlackLivesMatter #staywoke #blackpower #racism http://t.co/vjeKhVoWPz	F
646602926497001472	9/23/2015 8:32	Are u f*ckin #cop ? Go away!  #Allcopsarebastards #PoliceBrutality #policeAbuse #staywoke #BlackLivesMatter #BLM #blc http://t.co/i7VFsI8nwD	F
647213597651636224	9/25/2015 0:58	"What does my shirt say? It says, ""None of your fucking business."" #WhatDoesMyShirtSay #RacistCops #racism http://t.co/uvz9IlRJJ5"	F
647224682194694144	9/25/2015 1:42	#WTF?! Do they hire #cops using fucking spin-the-bottle or what?! #StayWoke #PoliceAbuse http://t.co/JRZyLQHHhQ http://t.co/oveNlYotRJ	F
647513902192812032	9/25/2015 20:51	Wait NYT style is to bleep the f-word but not the n-word? How is that LESS offensive? http://t.co/4IcIOhCn2x	F
647519621713559552	9/25/2015 21:14	'@LeoDiCaprio Do you Vote for Bernie?!'	F
647529751976873985	9/25/2015 21:54	'@ReverantRevan did you know he bought ALL urls that could be used to offend him? like http://t.co/jfY6TmsK0Y and etc The guy is LOCO'	F
647558334585827328	9/25/2015 23:48	'@xoBetseyJohnson @zappos they cost like my month wage yeah?!'	F
647558981431394304	9/25/2015 23:51	'@MarioLopezExtra why wont he do a rap album too?'	F
647231094929100800	9/25/2015 2:08	'@wizkhalifa Are you finna Vote for Bernie Sanders?'	F
647242882915528704	9/25/2015 2:55	'@SnoopDogg Hey, Snoop, are you going to vote for Bernie Sanders?'	F
647569808469311488	9/26/2015 0:34	'@SnoopDogg why brazil, dude!?'	F
647767116293103617	9/26/2015 13:38	WTFFF??????? Delaware #police shoot wheelchair-bound man a dozen times #cops #acab #policeabuse #policeviolence #blacklivesmatter	F
647772169032740864	9/26/2015 13:58	Arkansas #cops detain men for photographing police department while open carrying   How long did it become a #crime?! http://t.co/KcpfTeNJyf	F
647775326467043329	9/26/2015 14:10	What else??? Will they kill me for my breathing??? or for my laugh?? https://t.co/48IVrJUSqP	F
647776618912444416	9/26/2015 14:15	'@SparrowOnTheEye @ShaunKing lol drug test is a worthy decision. or mental health test yea?'	F
647811731977203712	9/26/2015 16:35	'@astrog1rll realy? ya best bae'	F
647827730004733952	9/26/2015 17:39	"""three police officers murdered in one week"" aaaaaand??? the same with data of black people murdered in one day #acab http://t.co/5hOXlN7bsC"	F
647880956716552192	9/26/2015 21:10	Didn't you wonder?  #BlackLivesMatter #AllLivesMatter #TransLivesMatter http://t.co/eW91b7Z3L6	F
647881923344240640	9/26/2015 21:14	'@SamuelLJackson @ChrisRobshaw @One4theBoys Samuel, Are you planning to vote for #BernieSanders in 2016?'	F
647885620237352960	9/26/2015 21:29	Wut, is it open season on #BlackFolks 24/7/365? You gotta get a permit to kill a fucking deer or a fish. @4mysquad	F
647896775617966081	9/26/2015 22:13	'@SnoopDogg Can I just unsee this please?'	F
647898782923796480	9/26/2015 22:21	'@IAMJHUD Are you planning to vote for #BernieSanders in 2016?'	F
647900643475128320	9/26/2015 22:28	#JeremyMcDole how many more of us shall be taken this year!!?? http://t.co/WOfnSsphwF	F
648131481731096576	9/27/2015 13:46	'@AFRICAisMankind @MattDamon Why dear?'	F
648047119647965184	9/27/2015 8:10	Wait... Who Is Being Disorderly?  #cops #policeAbuse #PoliceBrutality #BlackLivesMatter http://t.co/6msjTMFz5r	F
648054106020384769	9/27/2015 8:38	How2tell a lying #PoliceOfficer 2go fuck himself politely? http://t.co/guMv2Qo4Nn #policeabuse #acab #PoliceBrutality http://t.co/l1vCmGFjGh	F
648971002483834880	9/29/2015 21:21	HOW DUMB A #COP CAN BE? This one Thinks the 1st and 2nd Amendments are #Crimes  https://t.co/9JmVpfwWKd http://t.co/qQnXVwsXUs	F
649007277316313088	9/29/2015 23:46	You got some of those?  #fucktrump #DumbTrump #Trump #NoTrump #BlackTwitter #BlackPeople http://t.co/ZrE5qI1E5K	T
649219173130723328	9/30/2015 13:48	White ppl be like: Hey, Arabs, now that we‚Äôve used all your science and math to build our society, can you please stay the of it?	F
649259708348428289	9/30/2015 16:29	'@ShaunKing @RaqiyahMays very very awful thing.what can we do to save our children from cops?!'	F
649270849913028608	9/30/2015 17:13	Brazilian referee pulls out handgun during soccer match DA FUCK??? Is it real? Shock http://t.co/gMkmsAGzMq	F
649273996437909504	9/30/2015 17:25	'@CarlaCa75380227 Hello madame! thanx for the compliment! What's new?'	F
649303061605691392	9/30/2015 19:21	Compare this 2 cases That doesn't make much sense, right?  oh wait That makes NO sense at all #PoliceAbuse #FTP #ACAB http://t.co/eXQb6A5jib	F
640246575478910976	9/5/2015 19:34	What's good? She asked her, smiley. #sixwordstory	F
640295880545796096	9/5/2015 22:50	'@Damon_AF @deray How can I double fav this?'	F
640339045227216897	9/6/2015 1:41	'@BBBaumgartner ass stucking underwear?'	F
640339222423977984	9/6/2015 1:42	whats ASU? Ass Stucking Underwear? https://t.co/3LjwU6e0XL	F
641356940719734785	9/8/2015 21:06	What time is it? #Revlution #BlackLivesMatter #StayWoke http://t.co/GITIydiX4z	F
641357607052021760	9/8/2015 21:09	'@Heauxno1currr @SARAH2TURNNT on toilet 2?'	F
641359318718132225	9/8/2015 21:15	haters, whats good? #WhatsGood #4mysquad #haters #Gucci #FreeGucci http://t.co/RUnq47F4Ic	F
641365571192287237	9/8/2015 21:40	Why are you sleeping on this?!?! https://t.co/2KpDOq6udT	F
641384118018682880	9/8/2015 22:54	'@bmoreconnected you gonna smoke this, bruh?'	F
641386253980598272	9/8/2015 23:02	but second one has stronger arms right?ÔøΩÔøΩÔøΩÔøΩ http://t.co/AsO5A0hMxr	F
641391570181160961	9/8/2015 23:24	'@SweetAs_Kai Why not to smoke? Just fits Playing games more.'	F
641418070649540608	9/9/2015 1:09	'@EdgeofSports @deray does she make that tennis sounds like sharapova?'	F
